{
   "ChannelID": 16,
   "LeadID": 1,
   "GroundTestStatus": false,
   "Values": [-1212.1766994735638, 2860.4562447547114, 172.42694743266958, -8063.477531090258, -10000.152590218968, -10000.152590218968, -10000.152590218968, -10000.152590218968, -10000.152590218968, -10000.152590218968, -10000.152590218968, -10000.152590218968, -10000.152590218968, -10000.152590218968, -10000.152590218968, -10000.152590218968, -10000.152590218968, -10000.152590218968, -10000.152590218968, -10000.152590218968, -10000.152590218968, -10000.152590218968, -9698.939497978181, 3973.4493018997487, 9999.847409781034, 9999.847409781034, 9999.847409781034, 9999.847409781034, 9999.847409781034, 9999.847409781034, 9999.847409781034, 9999.847409781034, 9999.847409781034, 9999.847409781034, 9999.847409781034, 9999.847409781034, 9999.847409781034, 9999.847409781034, 9999.847409781034, 9999.847409781034, 9999.847409781034, 9999.847409781034, 9999.847409781034, 9999.847409781034, 9999.847409781034, 9999.847409781034, 9999.847409781034, 9999.847409781034, 9999.847409781034, 9999.847409781034, 5576.562142366674, -9381.857022964829, -10000.152590218968, -10000.152590218968, -10000.152590218968, -10000.152590218968, -10000.152590218968, -10000.152590218968, -10000.152590218968, -10000.152590218968, -10000.152590218968, -10000.152590218968, -10000.152590218968, -10000.152590218968, -10000.152590218968, -10000.152590218968, -10000.152590218968, -8253.604943923096, 6635.538261997406, 9999.847409781034, 9999.847409781034, 9999.847409781034, 9999.847409781034, 9999.847409781034, 9999.847409781034, 9999.847409781034, 9999.847409781034, 9999.847409781034, 9999.847409781034, 9999.847409781034, 9999.847409781034, 9999.847409781034, 9999.847409781034, 9999.847409781034, 9999.847409781034, 9999.847409781034, 9999.847409781034, 9999.847409781034, 9999.847409781034, 9999.847409781034, 9999.847409781034, 1999.5422293430993, -10000.152590218968, -10000.152590218968, -10000.152590218968, -10000.152590218968, -10000.152590218968, -10000.152590218968, -10000.152590218968, -10000.152590218968, -10000.152590218968, -10000.152590218968, -10000.152590218968, -10000.152590218968, -10000.152590218968, -10000.152590218968, -10000.152590218968, -10000.152590218968, -10000.152590218968, -10000.152590218968, -10000.152590218968, -9824.368657969026, 3770.1991302357524, 9999.847409781034, 9999.847409781034, 9999.847409781034, 9999.847409781034, 9999.847409781034, 9999.847409781034, 9999.847409781034, 9999.847409781034, 9999.847409781034, 9999.847409781034, 9999.847409781034, 9999.847409781034, 9999.847409781034, 9999.847409781034, 9999.847409781034, 9999.847409781034, 9999.847409781034, 9999.847409781034, 9999.847409781034, 9999.847409781034, 7947.508964675365, -7744.869153887236, -10000.152590218968, -10000.152590218968, -10000.152590218968, -10000.152590218968, -10000.152590218968, -10000.152590218968, -10000.152590218968, -10000.152590218968, -10000.152590218968, -10000.152590218968, -10000.152590218968, -10000.152590218968, -10000.152590218968, -10000.152590218968, -10000.152590218968, -10000.152590218968, -10000.152590218968, -10000.152590218968, -10000.152590218968, -9793.240253299764, 3904.7837033646147, 9999.847409781034, 9999.847409781034, 9999.847409781034, 9999.847409781034, 9999.847409781034, 9999.847409781034, 9999.847409781034, 9999.847409781034, 9999.847409781034, 9999.847409781034, 9999.847409781034, 9999.847409781034, 9999.847409781034, 9999.847409781034, 9999.847409781034, 9999.847409781034, 9999.847409781034, 9999.847409781034, 9999.847409781034, 9999.847409781034, 7432.05920500496, -8098.57328145266, -10000.152590218968, -10000.152590218968, -10000.152590218968, -10000.152590218968, -10000.152590218968, -10000.152590218968, -10000.152590218968, -10000.152590218968, -10000.152590218968, -10000.152590218968, -10000.152590218968, -10000.152590218968, -10000.152590218968, -10000.152590218968, -10000.152590218968, -10000.152590218968, -10000.152590218968, -10000.152590218968, -10000.152590218968, -10000.152590218968, 1888.1513694972155, 9999.847409781034, 9999.847409781034, 9999.847409781034, 9999.847409781034, 9999.847409781034, 9999.847409781034, 9999.847409781034, 9999.847409781034, 9999.847409781034, 9999.847409781034, 9999.847409781034, 9999.847409781034, 9999.847409781034, 9999.847409781034, 9999.847409781034, 9999.847409781034, 9999.847409781034, 9999.847409781034, 9999.847409781034, 9999.847409781034, 4467.841611352713, -9922.941939421684, -10000.152590218968, -10000.152590218968, -10000.152590218968, -10000.152590218968, -10000.152590218968, -10000.152590218968, -10000.152590218968, -10000.152590218968, -10000.152590218968, -10000.152590218968, -10000.152590218968, -10000.152590218968, -10000.152590218968, -10000.152590218968, -10000.152590218968, -10000.152590218968, -10000.152590218968, -10000.152590218968, -10000.152590218968, -10000.152590218968, 696.7269398031586, 9999.847409781034, 9999.847409781034, 9999.847409781034, 9999.847409781034, 9999.847409781034, 9999.847409781034, 9999.847409781034, 9999.847409781034, 9999.847409781034, 9999.847409781034, 9999.847409781034, 9999.847409781034, 9999.847409781034, 9999.847409781034, 9999.847409781034, 9999.847409781034, 9999.847409781034, 9999.847409781034, 9999.847409781034, 9999.847409781034, 3572.7473868925003, -10000.152590218968, -10000.152590218968, -10000.152590218968, -10000.152590218968, -10000.152590218968, -10000.152590218968, -10000.152590218968, -10000.152590218968, -10000.152590218968, -10000.152590218968, -10000.152590218968, -10000.152590218968, -10000.152590218968, -10000.152590218968, -10000.152590218968, -10000.152590218968, -10000.152590218968, -10000.152590218968, -10000.152590218968, -10000.152590218968, -9465.476462958724, 4836.804760814832, 9999.847409781034, 9999.847409781034, 9999.847409781034, 9999.847409781034, 9999.847409781034, 9999.847409781034, 9999.847409781034, 9999.847409781034, 9999.847409781034, 9999.847409781034, 9999.847409781034, 9999.847409781034, 9999.847409781034, 9999.847409781034, 9999.847409781034, 9999.847409781034, 9999.847409781034, 9999.847409781034, 9999.847409781034, 9999.847409781034, 5399.252307927062, -9464.866102082857, -10000.152590218968, -10000.152590218968, -10000.152590218968, -10000.152590218968, -10000.152590218968, -10000.152590218968, -10000.152590218968, -10000.152590218968, -10000.152590218968, -10000.152590218968, -10000.152590218968, -10000.152590218968, -10000.152590218968, -10000.152590218968, -10000.152590218968, -10000.152590218968, -10000.152590218968, -10000.152590218968, -10000.152590218968, -6619.974059662776, 8495.002670328833, 9999.847409781034, 9999.847409781034, 9999.847409781034, 9999.847409781034, 9999.847409781034, 9999.847409781034, 9999.847409781034, 9999.847409781034, 9999.847409781034, 9999.847409781034, 9999.847409781034, 9999.847409781034, 9999.847409781034, 9999.847409781034, 9999.847409781034, 9999.847409781034, 9999.847409781034, 9999.847409781034, 9999.847409781034, 9999.847409781034, 4449.225604638743, -9929.961089494163, -10000.152590218968, -10000.152590218968, -10000.152590218968, -10000.152590218968, -10000.152590218968, -10000.152590218968, -10000.152590218968, -10000.152590218968, -10000.152590218968, -10000.152590218968, -10000.152590218968, -10000.152590218968, -10000.152590218968, -10000.152590218968, -10000.152590218968, -10000.152590218968, -10000.152590218968, -10000.152590218968, -10000.152590218968, -7990.844586861983, 7186.083772030213, 9999.847409781034, 9999.847409781034, 9999.847409781034, 9999.847409781034, 9999.847409781034, 9999.847409781034, 9999.847409781034, 9999.847409781034, 9999.847409781034, 9999.847409781034, 9999.847409781034, 9999.847409781034, 9999.847409781034, 9999.847409781034, 9999.847409781034, 9999.847409781034, 9999.847409781034, 9999.847409781034, 9999.847409781034, 9999.847409781034, 402.8381780727856, -10000.152590218968, -10000.152590218968, -10000.152590218968, -10000.152590218968, -10000.152590218968, 